{"cameraMode":{"drawMode":0,"name":"Shaded","section":"Shading Mode"},"sceneLighting":true,"audioPlay":false,"sceneViewState":{"m_AlwaysRefresh":false,"showFog":true,"showSkybox":true,"showFlares":true,"showImageEffects":true,"showParticleSystems":true,"showVisualEffectGraphs":true,"m_FxEnabled":true},"in2DMode":false,"pivot":{"x":2.3671040534973146,"y":15.358871459960938,"z":1.7163658142089844},"rotation":{"x":-0.287188857793808,"y":-0.12890705466270448,"z":0.03953855484724045,"w":-0.9487329125404358},"size":16.958812713623048,"orthographic":false}