{"cameraMode":{"drawMode":0,"name":"Shaded","section":"Shading Mode"},"sceneLighting":true,"audioPlay":false,"sceneViewState":{"m_AlwaysRefresh":false,"showFog":true,"showSkybox":true,"showFlares":true,"showImageEffects":true,"showParticleSystems":true,"showVisualEffectGraphs":true,"m_FxEnabled":true},"in2DMode":false,"pivot":{"x":463.2839660644531,"y":108.52796936035156,"z":-145.25396728515626},"rotation":{"x":0.09726674854755402,"y":0.18173468112945558,"z":-0.019489692524075509,"w":0.9788307547569275},"size":67.83460235595703,"orthographic":false}