{"cameraMode":{"drawMode":0,"name":"Shaded","section":"Shading Mode"},"sceneLighting":true,"audioPlay":false,"sceneViewState":{"m_AlwaysRefresh":false,"showFog":true,"showSkybox":true,"showFlares":true,"showImageEffects":true,"showParticleSystems":true,"showVisualEffectGraphs":true,"m_FxEnabled":true},"in2DMode":false,"pivot":{"x":-6.900969982147217,"y":30.529922485351564,"z":20.344573974609376},"rotation":{"x":0.09534017741680145,"y":0.10517097264528275,"z":-0.010319036431610585,"w":0.990208625793457},"size":3.260684013366699,"orthographic":false}